Class,AUC
Class 0,0.990719
Class 1,0.9985864999999999
Class 2,0.999343
Class 3,0.9952
Class 4,0.989422
