,precision,recall,f1-score,support
MI,0.9487666034155597,1.0,0.9737098344693281,500.0
Conduction,0.9689922480620154,1.0,0.9842519685039369,500.0
Hypertrophy,0.9,0.9,0.9,500.0
Other1,0.9628865979381444,0.934,0.9482233502538072,500.0
Other2,0.9322033898305084,0.88,0.905349794238683,500.0
accuracy,0.9428,0.9428,0.9428,0.9428
macro avg,0.9425697678492456,0.9428000000000001,0.9423069894931512,2500.0
weighted avg,0.9425697678492455,0.9428,0.9423069894931511,2500.0
